"Question","Response","Total","Overall","country_US","country_United_Kingdom","country_India","country_France","country_Germany","country_Japan","country_United_Arab_Emirates","country_Brazil","country_Saudi_Arabia","country_Australia","age_18-24","age_25-34","age_35-44","age_45-54","age_55-65","age_65_plus","Gen_Z","Millennials","Gen_X","Baby_Boomers","gender_female","gender_male","org_size_<10","org_size_10-49","org_size_50-99","org_size_100-500","org_size_501-1000","org_size_1000+","employment_status_full-time","employment_status_part-time","employment_status_contract","employment_status_freelance","sector_Automotive","sector_Business_administration","sector_Technology","sector_Construction","sector_Consumer_Goods","sector_Education","sector_Energy_Utilities","sector_Financial_Services","sector_Government","sector_Healthcare","sector_Manufacturing_industrial","sector_Marketing_services","sector_Not-for-profit","sector_Legal_in-house","sector_Legal_agency","sector_Life_sciences","sector_Professional_Services","sector_Real_Estate","sector_Retail","sector_Sales","sector_Telecommunications","sector_Transport_storage","sector_Travel_Hospitality_Leisure","sector_Wholesale_Distribution","sector_Other","job_level_CEO","job_level_Senior_Executive","job_level_Senior_Leader","job_level_Mid-Level_Leader","job_level_First_Level_Supervisor","job_level_Individual_Contributor","marital_status_Single","marital_status_Co-habiting","marital_status_Married","marital_status_Divorced_separated","marital_status_Widowed","education_Secondary","education_Tertiary","education_Professional_Certifications","education_Under-graduate_degree","education_Post-graduate_Masters_degree","education_Doctorate_Phd"
"Q1 - If you were to look for a new job, what would be the most important factors for you?","Employee benefits (e.g., healthcare, mental health and wellness services, Paid Time Off, complimentary food and services)","84%","88%","86%","90%","84%","72%","69%","87%","94%","89%","84%","83%","85%","86%","83%","81%","78%","83%","86%","83%","80%","86%","82%","76%","80%","78%","82%","83%","86%","85%","81%","73%","75%","77%","85%","87%","85%","88%","85%","82%","86%","83%","86%","85%","76%","77%","84%","95%","89%","82%","81%","83%","85%","86%","81%","83%","80%","79%","81%","88%","86%","83%","84%","82%","80%","83%","86%","83%","76%","85%","80%","79%","85%","87%","87%",""
"Q1 - If you were to look for a new job, what would be the most important factors for you?","Flexible work hours","80%","81%","80%","84%","79%","78%","64%","80%","85%","84%","84%","80%","81%","83%","79%","74%","78%","79%","83%","78%","74%","84%","77%","78%","73%","77%","77%","81%","81%","80%","82%","70%","79%","76%","82%","85%","76%","84%","77%","80%","81%","80%","81%","76%","74%","80%","79%","77%","88%","81%","75%","82%","78%","82%","76%","83%","79%","80%","81%","84%","82%","80%","80%","78%","78%","78%","82%","75%","77%","80%","77%","77%","80%","83%","84%",""
"Q1 - If you were to look for a new job, what would be the most important factors for you?","Employer's respect for personal priorities outside of work","80%","81%","81%","83%","81%","76%","51%","81%","87%","86%","85%","80%","82%","82%","78%","73%","73%","80%","82%","78%","71%","83%","77%","73%","72%","77%","78%","80%","81%","80%","80%","68%","77%","75%","75%","84%","81%","80%","83%","78%","81%","78%","82%","76%","80%","86%","77%","74%","76%","77%","75%","80%","81%","76%","77%","81%","76%","77%","78%","83%","81%","78%","80%","79%","77%","80%","82%","75%","66%","80%","76%","78%","79%","83%","82%",""
"Q1 - If you were to look for a new job, what would be the most important factors for you?","Reputation of the organization","78%","82%","79%","86%","72%","70%","61%","82%","89%","88%","80%","77%","79%","79%","78%","75%","78%","78%","79%","77%","74%","80%","76%","70%","71%","75%","77%","78%","80%","79%","77%","65%","71%","78%","78%","84%","80%","77%","80%","73%","81%","73%","80%","76%","73%","72%","78%","84%","70%","77%","78%","78%","79%","79%","73%","78%","71%","73%","81%","86%","82%","77%","78%","74%","75%","74%","81%","76%","70%","76%","72%","74%","79%","82%","82%",""
"Q1 - If you were to look for a new job, what would be the most important factors for you?","Career advancement","78%","78%","74%","89%","80%","70%","51%","85%","93%","91%","77%","81%","84%","82%","76%","61%","54%","83%","83%","73%","57%","78%","78%","67%","74%","73%","77%","79%","79%","80%","68%","65%","69%","76%","79%","87%","82%","80%","75%","81%","79%","79%","79%","77%","81%","66%","84%","81%","76%","75%","71%","72%","80%","77%","70%","80%","73%","71%","79%","87%","84%","81%","81%","69%","75%","78%","81%","67%","63%","74%","73%","70%","79%","85%","82%",""
"Q1 - If you were to look for a new job, what would be the most important factors for you?","Commute to office","78%","80%","80%","77%","84%","80%","64%","69%","76%","71%","79%","72%","77%","79%","80%","78%","77%","73%","78%","79%","77%","82%","75%","71%","75%","74%","76%","78%","80%","78%","78%","61%","67%","76%","78%","78%","75%","77%","80%","75%","78%","81%","81%","77%","71%","83%","79%","77%","80%","79%","76%","77%","73%","79%","76%","79%","76%","76%","75%","79%","76%","77%","77%","79%","76%","78%","79%","79%","72%","78%","76%","78%","77%","80%","79%",""
"Q1 - If you were to look for a new job, what would be the most important factors for you?","Learning and development opportunities","78%","79%","76%","89%","73%","72%","50%","85%","93%","89%","78%","76%","84%","81%","74%","65%","65%","80%","82%","73%","63%","79%","77%","68%","71%","73%","75%","79%","79%","79%","71%","70%","72%","75%","81%","86%","79%","80%","77%","78%","79%","76%","79%","76%","75%","73%","82%","82%","81%","77%","72%","72%","80%","78%","68%","79%","74%","71%","80%","85%","84%","79%","79%","71%","74%","77%","81%","69%","66%","73%","71%","73%","79%","83%","81%",""
"Q1 - If you were to look for a new job, what would be the most important factors for you?","Colleagues I work with","77%","75%","79%","76%","78%","81%","72%","75%","70%","77%","80%","72%","75%","79%","79%","77%","77%","73%","77%","79%","77%","79%","76%","70%","72%","74%","76%","77%","79%","78%","76%","64%","68%","79%","73%","79%","78%","76%","81%","77%","77%","77%","81%","78%","70%","85%","75%","67%","73%","76%","75%","77%","75%","73%","75%","75%","74%","74%","76%","79%","77%","77%","77%","76%","75%","76%","79%","75%","73%","75%","73%","78%","77%","79%","77%",""
"Q1 - If you were to look for a new job, what would be the most important factors for you?","Organizational culture and values","75%","77%","75%","82%","67%","67%","58%","81%","84%","81%","80%","72%","77%","77%","74%","67%","69%","74%","77%","73%","65%","77%","73%","67%","67%","71%","75%","75%","76%","75%","72%","67%","67%","73%","76%","82%","77%","76%","80%","76%","77%","72%","76%","71%","74%","82%","84%","70%","84%","71%","74%","72%","74%","75%","65%","74%","65%","66%","77%","83%","80%","75%","76%","68%","71%","71%","78%","68%","67%","69%","69%","68%","77%","80%","79%",""
"Q1 - If you were to look for a new job, what would be the most important factors for you?","Hiring manager I trust","75%","80%","75%","79%","65%","80%","55%","73%","74%","76%","78%","74%","76%","77%","73%","70%","72%","74%","77%","73%","69%","77%","73%","68%","69%","72%","74%","77%","75%","75%","75%","64%","65%","75%","73%","80%","76%","77%","75%","72%","74%","71%","76%","74%","70%","77%","70%","68%","72%","71%","72%","77%","76%","72%","70%","78%","67%","71%","78%","80%","79%","74%","75%","71%","72%","73%","77%","71%","70%","74%","68%","78%","73%","76%","76%",""
"Q1 - If you were to look for a new job, what would be the most important factors for you?","Workplace policy (i.e. in office, from home, hybrid)","73%","75%","75%","82%","69%","68%","56%","73%","78%","80%","75%","71%","75%","76%","73%","65%","66%","72%","76%","71%","64%","76%","71%","67%","64%","69%","70%","76%","75%","74%","68%","62%","71%","67%","78%","82%","74%","74%","72%","71%","79%","76%","70%","70%","73%","69%","85%","70%","82%","77%","67%","66%","77%","80%","67%","67%","62%","69%","76%","81%","77%","74%","75%","67%","71%","70%","76%","69%","58%","68%","68%","66%","75%","79%","77%",""
"Q1 - If you were to look for a new job, what would be the most important factors for you?","Organizational purpose and mission","71%","75%","70%","82%","70%","59%","56%","79%","80%","80%","70%","69%","73%","74%","70%","65%","68%","71%","74%","69%","65%","71%","71%","65%","65%","70%","71%","73%","71%","72%","66%","61%","66%","71%","70%","81%","76%","72%","74%","72%","73%","68%","72%","71%","72%","73%","71%","70%","68%","66%","67%","64%","74%","71%","63%","68%","61%","64%","78%","82%","79%","71%","73%","62%","67%","67%","75%","65%","59%","67%","65%","63%","73%","78%","77%",""
"Q1 - If you were to look for a new job, what would be the most important factors for you?","Inclusive policies and practices","66%","70%","69%","79%","57%","51%","40%","70%","78%","69%","74%","70%","71%","69%","62%","54%","56%","70%","70%","61%","53%","69%","63%","61%","56%","67%","67%","68%","66%","66%","66%","59%","63%","64%","69%","76%","65%","72%","68%","62%","68%","58%","67%","61%","71%","72%","66%","67%","68%","62%","57%","66%","66%","68%","56%","64%","58%","61%","73%","78%","73%","64%","68%","58%","64%","61%","69%","58%","62%","65%","59%","58%","67%","72%","70%",""
"Q1 - If you were to look for a new job, what would be the most important factors for you?","Social responsibility (e.g., societal justice, community outreach) policies and practices","66%","63%","60%","79%","65%","59%","54%","75%","78%","80%","62%","69%","69%","68%","64%","58%","55%","69%","68%","63%","55%","67%","65%","60%","59%","64%","66%","69%","65%","66%","62%","63%","63%","66%","68%","76%","68%","67%","69%","61%","67%","61%","65%","63%","70%","67%","66%","58%","62%","65%","58%","62%","70%","70%","58%","60%","57%","60%","71%","79%","73%","67%","66%","56%","62%","61%","70%","58%","57%","61%","61%","58%","66%","73%","73%",""
"Q1 - If you were to look for a new job, what would be the most important factors for you?","Environmental sustainability policies and practices","62%","63%","60%","81%","58%","50%","45%","68%","77%","71%","59%","64%","66%","66%","59%","52%","54%","66%","66%","58%","50%","63%","62%","54%","57%","62%","66%","66%","60%","63%","59%","60%","58%","62%","65%","75%","67%","67%","62%","60%","64%","55%","59%","62%","71%","54%","51%","54%","62%","60%","60%","57%","67%","66%","55%","58%","57%","55%","70%","78%","71%","63%","64%","51%","58%","56%","67%","52%","48%","58%","56%","53%","62%","71%","70%",""
"Q1 - If you were to look for a new job, what would be the most important factors for you?","Use of advanced technologies (e.g., AI, automation)","59%","60%","49%","84%","51%","54%","41%","74%","74%","73%","49%","57%","64%","64%","55%","44%","46%","60%","65%","54%","42%","54%","63%","47%","49%","58%","61%","65%","56%","61%","46%","52%","56%","62%","63%","82%","65%","62%","53%","57%","66%","48%","51%","59%","66%","36%","45%","49%","50%","55%","58%","48%","62%","64%","49%","46%","47%","52%","71%","78%","73%","63%","60%","42%","53%","46%","66%","45%","46%","49%","50%","49%","61%","70%","70%",""
"Q1 - If you were to look for a new job, what would be the most important factors for you?","Visa sponsorship / immigration assistance from an employer","46%","44%","36%","71%","35%","38%","35%","75%","57%","64%","37%","50%","52%","51%","41%","29%","26%","52%","51%","39%","25%","42%","49%","38%","41%","50%","50%","52%","41%","47%","37%","43%","46%","53%","53%","63%","55%","48%","41%","39%","50%","30%","39%","44%","60%","29%","37%","35%","47%","44%","47%","37%","46%","55%","39%","38%","39%","40%","60%","67%","57%","47%","49%","30%","43%","33%","52%","29%","28%","39%","36%","35%","48%","56%","51%",""
"Q1 - If you were to look for a new job, what would be the most important factors for you?","Other","4%","4%","3%","7%","3%","4%","6%","6%","5%","4%","2%","6%","4%","4%","4%","4%","3%","6%","4%","4%","3%","3%","5%","6%","6%","5%","5%","4%","4%","4%","4%","13%","6%","6%","6%","5%","5%","5%","4%","4%","4%","4%","4%","3%","4%","7%","7%","2%","4%","4%","2%","3%","3%","5%","3%","4%","4%","4%","7%","3%","4%","4%","4%","4%","5%","3%","4%","3%","5%","4%","5%","4%","4%","4%","2%",""
"Q2 - When considering the below options which are would be most likely to make you stay at your current company?","Career advancement","76%","78%","71%","88%","78%","70%","47%","85%","90%","87%","76%","76%","83%","81%","74%","60%","55%","79%","82%","72%","56%","77%","76%","68%","69%","72%","75%","78%","77%","79%","67%","60%","69%","75%","79%","86%","78%","83%","74%","77%","79%","77%","77%","76%","77%","60%","82%","75%","76%","70%","67%","71%","79%","78%","70%","75%","72%","71%","80%","86%","83%","79%","78%","68%","71%","77%","80%","69%","64%","72%","70%","72%","77%","83%","80%",""
"Q2 - When considering the below options which are would be most likely to make you stay at your current company?","Commute to office","76%","78%","77%","77%","82%","78%","61%","70%","77%","70%","76%","70%","75%","78%","79%","76%","73%","71%","77%","78%","75%","80%","73%","70%","73%","76%","74%","77%","78%","77%","75%","63%","69%","73%","76%","78%","75%","76%","79%","74%","76%","79%","80%","77%","71%","74%","75%","74%","73%","77%","78%","74%","75%","75%","75%","77%","73%","73%","77%","80%","75%","76%","75%","76%","73%","78%","78%","77%","69%","76%","75%","76%","75%","78%","76%",""
"Q2 - When considering the below options which are would be most likely to make you stay at your current company?","Learning and development opportunities","76%","78%","74%","87%","72%","72%","44%","84%","92%","87%","75%","77%","82%","79%","73%","63%","61%","79%","81%","71%","61%","77%","75%","66%","71%","74%","75%","77%","76%","77%","70%","64%","70%","73%","77%","86%","78%","79%","76%","78%","77%","72%","77%","75%","78%","66%","74%","75%","78%","71%","66%","71%","79%","76%","70%","73%","70%","71%","80%","86%","83%","77%","77%","68%","72%","74%","79%","68%","63%","72%","69%","71%","77%","82%","81%",""
"Q2 - When considering the below options which are would be most likely to make you stay at your current company?","Reputation of the organization","74%","80%","73%","86%","68%","66%","53%","84%","86%","85%","73%","73%","76%","76%","72%","69%","74%","74%","77%","71%","69%","76%","73%","68%","69%","71%","73%","75%","74%","75%","70%","63%","71%","76%","73%","84%","78%","75%","74%","73%","76%","69%","75%","73%","76%","67%","75%","72%","69%","68%","70%","72%","77%","73%","68%","74%","67%","68%","83%","84%","81%","75%","74%","67%","69%","68%","79%","70%","65%","72%","67%","70%","75%","79%","77%",""
"Q2 - When considering the below options which are would be most likely to make you stay at your current company?","Workplace policy (i.e. in office, from home, hybrid)","73%","75%","74%","84%","69%","69%","51%","75%","80%","79%","74%","69%","76%","77%","71%","64%","65%","72%","77%","70%","63%","75%","71%","67%","68%","71%","73%","75%","73%","74%","67%","61%","73%","72%","79%","84%","73%","76%","73%","72%","81%","76%","67%","68%","75%","72%","82%","82%","73%","74%","72%","64%","75%","75%","63%","65%","64%","70%","82%","83%","79%","74%","73%","66%","70%","69%","76%","66%","59%","69%","66%","66%","74%","80%","77%",""
"Q2 - When considering the below options which are would be most likely to make you stay at your current company?","Organizational culture and values","71%","74%","69%","82%","65%","64%","50%","78%","79%","77%","75%","69%","74%","74%","69%","64%","67%","71%","74%","68%","64%","72%","70%","63%","65%","70%","71%","73%","71%","72%","67%","61%","63%","69%","74%","81%","72%","72%","74%","73%","73%","68%","72%","69%","74%","75%","84%","68%","77%","65%","62%","66%","71%","70%","64%","66%","64%","64%","76%","82%","77%","72%","72%","63%","67%","66%","75%","65%","64%","64%","63%","65%","73%","78%","75%",""
"Q2 - When considering the below options which are would be most likely to make you stay at your current company?","Organizational purpose and mission","69%","72%","68%","81%","66%","61%","51%","77%","76%","79%","67%","67%","71%","72%","67%","64%","67%","68%","72%","67%","64%","69%","69%","60%","65%","66%","69%","72%","69%","70%","64%","57%","64%","69%","71%","80%","70%","74%","71%","70%","71%","65%","69%","68%","72%","73%","70%","72%","69%","64%","65%","63%","71%","67%","63%","65%","58%","62%","78%","81%","79%","70%","70%","59%","64%","64%","74%","63%","62%","64%","62%","62%","70%","76%","75%",""
"Q2 - When considering the below options which are would be most likely to make you stay at your current company?","Social responsibility (e.g., societal justice, community outreach) policies and practices","64%","62%","58%","80%","63%","59%","48%","75%","76%","78%","60%","65%","68%","67%","62%","57%","53%","67%","67%","61%","54%","65%","64%","57%","61%","67%","67%","67%","62%","65%","59%","57%","64%","66%","69%","76%","66%","69%","66%","60%","67%","58%","63%","63%","68%","66%","68%","58%","58%","62%","57%","59%","67%","65%","57%","58%","57%","59%","74%","79%","74%","66%","64%","54%","60%","59%","69%","54%","54%","60%","57%","58%","65%","72%","71%",""
"Q2 - When considering the below options which are would be most likely to make you stay at your current company?","Inclusive policies and practices","64%","66%","67%","79%","56%","52%","35%","69%","74%","69%","68%","66%","69%","66%","59%","53%","52%","68%","68%","58%","51%","66%","61%","57%","59%","63%","67%","66%","62%","64%","61%","54%","59%","63%","67%","76%","65%","68%","66%","56%","67%","57%","63%","59%","68%","69%","63%","56%","65%","58%","53%","62%","67%","66%","54%","59%","54%","56%","71%","78%","71%","63%","64%","54%","60%","58%","68%","56%","53%","61%","54%","57%","65%","71%","68%",""
"Q2 - When considering the below options which are would be most likely to make you stay at your current company?","Environmental sustainability policies and practices","61%","62%","57%","79%","57%","51%","43%","71%","74%","71%","56%","63%","65%","64%","57%","52%","51%","64%","65%","56%","51%","60%","61%","54%","58%","62%","65%","65%","58%","62%","56%","54%","58%","61%","67%","74%","66%","66%","60%","57%","63%","50%","58%","61%","68%","52%","49%","49%","57%","58%","55%","55%","68%","64%","56%","58%","49%","56%","72%","78%","69%","62%","63%","49%","56%","53%","66%","52%","43%","58%","54%","53%","61%","69%","68%",""
"Q2 - When considering the below options which are would be most likely to make you stay at your current company?","Use of advanced technologies (e.g., AI, automation)","59%","60%","49%","85%","53%","56%","38%","73%","74%","73%","47%","59%","64%","63%","56%","45%","43%","61%","64%","54%","42%","55%","63%","49%","52%","62%","63%","65%","55%","61%","47%","53%","53%","62%","63%","82%","65%","64%","54%","55%","65%","48%","51%","58%","68%","37%","47%","53%","64%","55%","56%","49%","65%","65%","51%","47%","50%","51%","73%","80%","73%","62%","61%","41%","53%","48%","66%","46%","38%","50%","49%","51%","60%","70%","69%",""
"Q2 - When considering the below options which are would be most likely to make you stay at your current company?","Visa sponsorship / immigration assistance from an employer","48%","44%","38%","72%","40%","43%","35%","78%","59%","66%","37%","53%","55%","52%","42%","32%","31%","54%","53%","40%","29%","44%","51%","39%","41%","54%","51%","54%","43%","49%","39%","47%","46%","57%","53%","67%","56%","51%","43%","41%","53%","33%","41%","45%","62%","27%","37%","39%","45%","42%","46%","39%","53%","52%","39%","38%","40%","42%","62%","69%","59%","49%","50%","31%","44%","36%","54%","31%","34%","42%","39%","39%","49%","57%","55%",""
"Q2 - When considering the below options which are would be most likely to make you stay at your current company?","Other","4%","4%","2%","7%","3%","4%","5%","6%","5%","5%","2%","6%","4%","4%","4%","4%","3%","6%","4%","4%","4%","4%","5%","6%","6%","5%","5%","4%","4%","4%","5%","10%","6%","7%","8%","5%","5%","4%","4%","4%","4%","4%","3%","3%","4%","5%","5%","5%","4%","2%","5%","3%","4%","5%","4%","5%","4%","4%","6%","4%","4%","4%","5%","4%","5%","3%","4%","3%","4%","5%","5%","4%","4%","4%","4%",""
"Q3 - When considering the below options, which are most likely to make you leave your current company?","Inadequate employee benefits (e.g., healthcare, mental health and wellness services, Paid Time Off, complimentary food and services)","74%","82%","75%","80%","72%","58%","57%","78%","85%","81%","76%","72%","75%","76%","73%","69%","66%","72%","76%","73%","67%","76%","71%","65%","73%","70%","72%","74%","74%","75%","71%","63%","65%","72%","77%","80%","78%","75%","73%","73%","76%","74%","75%","71%","66%","70%","73%","74%","78%","71%","72%","71%","79%","73%","67%","74%","66%","69%","74%","79%","76%","73%","76%","70%","70%","71%","77%","72%","61%","73%","72%","68%","74%","77%","74%",""
"Q3 - When considering the below options, which are most likely to make you leave your current company?","Employer's respect for personal priorities outside of work","73%","77%","74%","79%","73%","67%","46%","74%","79%","76%","79%","73%","76%","76%","72%","66%","65%","74%","76%","71%","64%","77%","70%","68%","67%","72%","73%","75%","74%","74%","72%","66%","66%","68%","74%","79%","75%","76%","74%","71%","75%","70%","77%","69%","72%","77%","73%","74%","74%","69%","68%","74%","74%","70%","67%","74%","64%","71%","77%","78%","76%","74%","73%","70%","70%","73%","75%","70%","65%","73%","69%","71%","73%","77%","73%",""
"Q3 - When considering the below options, which are most likely to make you leave your current company?","Manager I don't trust","72%","77%","75%","67%","73%","69%","60%","63%","73%","65%","78%","68%","71%","72%","73%","72%","70%","69%","72%","73%","72%","75%","68%","70%","69%","70%","70%","72%","73%","71%","74%","60%","66%","72%","72%","71%","73%","77%","72%","73%","72%","70%","77%","69%","62%","73%","75%","82%","70%","68%","68%","73%","75%","69%","69%","77%","67%","68%","70%","73%","72%","72%","71%","72%","70%","74%","72%","73%","71%","73%","71%","72%","72%","71%","71%",""
"Q3 - When considering the below options, which are most likely to make you leave your current company?","Colleagues I work with","71%","73%","70%","73%","69%","72%","63%","69%","64%","71%","74%","66%","71%","71%","72%","69%","67%","68%","71%","71%","68%","73%","69%","66%","68%","69%","70%","72%","71%","71%","69%","60%","60%","73%","72%","73%","71%","74%","73%","73%","69%","69%","74%","69%","67%","71%","77%","68%","65%","68%","68%","68%","71%","68%","67%","72%","65%","68%","73%","73%","74%","71%","70%","68%","68%","71%","72%","66%","70%","67%","68%","72%","71%","73%","70%",""
"Q3 - When considering the below options, which are most likely to make you leave your current company?","Lack of flexible work hours","71%","74%","72%","74%","70%","67%","48%","71%","73%","70%","76%","71%","73%","73%","70%","64%","60%","71%","73%","69%","61%","74%","67%","66%","63%","67%","68%","72%","72%","71%","72%","59%","67%","64%","72%","76%","68%","75%","67%","70%","74%","72%","72%","64%","68%","69%","74%","74%","72%","71%","64%","72%","76%","72%","64%","71%","63%","67%","73%","75%","73%","70%","70%","68%","68%","70%","73%","66%","59%","70%","66%","68%","70%","74%","75%",""
"Q3 - When considering the below options, which are most likely to make you leave your current company?","Commute to office","68%","72%","71%","72%","73%","66%","52%","61%","66%","62%","68%","64%","68%","70%","69%","67%","61%","65%","69%","69%","64%","72%","65%","65%","66%","67%","67%","71%","69%","69%","68%","56%","59%","68%","66%","72%","68%","70%","69%","62%","70%","71%","71%","66%","62%","66%","64%","72%","64%","64%","65%","65%","70%","69%","67%","71%","59%","66%","68%","72%","70%","68%","67%","67%","66%","68%","70%","67%","63%","68%","66%","67%","67%","71%","68%",""
"Q3 - When considering the below options, which are most likely to make you leave your current company?","Poor organizational culture and values","66%","71%","66%","71%","60%","61%","46%","71%","72%","69%","71%","66%","69%","68%","64%","59%","59%","66%","69%","63%","58%","68%","64%","61%","61%","63%","67%","69%","66%","67%","65%","58%","59%","64%","70%","73%","68%","75%","67%","64%","68%","60%","68%","63%","64%","71%","75%","70%","69%","60%","63%","65%","70%","66%","59%","64%","56%","60%","70%","73%","70%","67%","66%","60%","64%","65%","68%","62%","61%","63%","61%","63%","67%","69%","71%",""
"Q3 - When considering the below options, which are most likely to make you leave your current company?","Inadequate learning and development opportunities","66%","70%","66%","77%","62%","58%","35%","73%","79%","73%","67%","68%","71%","70%","63%","52%","48%","70%","71%","61%","49%","67%","65%","62%","62%","65%","67%","69%","64%","67%","61%","62%","59%","66%","69%","76%","70%","73%","65%","62%","69%","62%","65%","63%","68%","58%","71%","74%","68%","61%","55%","63%","71%","69%","58%","63%","59%","60%","72%","77%","73%","68%","66%","57%","62%","64%","69%","58%","50%","64%","60%","60%","66%","72%","69%",""
"Q3 - When considering the below options, which are most likely to make you leave your current company?","Workplace policy (i.e. in office, from home, hybrid)","66%","70%","67%","78%","62%","61%","42%","67%","70%","66%","65%","64%","69%","69%","64%","56%","53%","66%","69%","63%","53%","68%","64%","60%","60%","64%","65%","70%","65%","67%","61%","56%","62%","64%","70%","76%","68%","71%","62%","65%","74%","67%","60%","60%","66%","61%","68%","74%","66%","66%","61%","59%","69%","68%","57%","60%","54%","63%","72%","77%","72%","67%","66%","58%","63%","63%","69%","59%","57%","61%","59%","61%","66%","72%","69%",""
"Q3 - When considering the below options, which are most likely to make you leave your current company?","Reputation of the organization","65%","71%","61%","78%","58%","54%","47%","75%","75%","79%","64%","66%","67%","66%","63%","58%","61%","67%","67%","62%","57%","65%","64%","61%","63%","64%","64%","67%","63%","65%","62%","55%","61%","64%","68%","76%","66%","68%","64%","65%","69%","56%","64%","61%","64%","54%","63%","65%","55%","61%","62%","62%","73%","63%","59%","61%","59%","60%","74%","77%","73%","66%","65%","55%","60%","57%","69%","59%","57%","62%","59%","59%","66%","70%","67%",""
"Q3 - When considering the below options, which are most likely to make you leave your current company?","Organization not fulfilling purpose and mission","63%","70%","61%","73%","65%","52%","47%","67%","74%","66%","62%","63%","65%","66%","62%","57%","56%","64%","66%","62%","55%","65%","62%","55%","59%","67%","63%","67%","62%","64%","60%","61%","57%","64%","67%","73%","68%","69%","62%","58%","65%","56%","65%","62%","65%","57%","58%","63%","68%","58%","59%","60%","64%","63%","59%","59%","56%","60%","69%","76%","70%","65%","64%","55%","59%","60%","67%","58%","56%","61%","59%","58%","63%","69%","68%",""
"Q3 - When considering the below options, which are most likely to make you leave your current company?","Poor social responsibility (e.g., societal justice, community outreach) policies and practices","59%","60%","54%","70%","60%","53%","41%","73%","66%","69%","58%","61%","64%","61%","57%","50%","48%","62%","62%","56%","48%","60%","59%","55%","55%","62%","62%","63%","57%","60%","56%","54%","56%","61%","64%","68%","64%","63%","59%","55%","64%","52%","60%","54%","65%","55%","58%","53%","59%","57%","52%","56%","61%","63%","54%","54%","51%","54%","66%","72%","67%","60%","59%","50%","55%","55%","63%","49%","44%","55%","53%","54%","60%","65%","67%",""
"Q3 - When considering the below options, which are most likely to make you leave your current company?","Non-inclusive policies and practices","58%","62%","58%","70%","53%","47%","34%","67%","63%","62%","62%","63%","63%","60%","54%","47%","45%","63%","61%","53%","46%","60%","56%","52%","54%","58%","60%","62%","56%","58%","57%","50%","55%","57%","64%","68%","61%","67%","57%","55%","62%","50%","56%","51%","66%","58%","53%","53%","64%","54%","52%","56%","61%","60%","50%","55%","50%","53%","64%","71%","65%","57%","59%","49%","55%","53%","61%","48%","47%","56%","51%","52%","58%","64%","60%",""
"Q3 - When considering the below options, which are most likely to make you leave your current company?","Poor environmental sustainability policies and practices","55%","59%","52%","69%","51%","46%","37%","66%","64%","61%","55%","58%","60%","58%","51%","45%","43%","60%","59%","50%","43%","55%","55%","52%","49%","59%","58%","60%","52%","56%","52%","50%","52%","57%","60%","67%","61%","65%","53%","51%","58%","45%","52%","51%","57%","38%","53%","51%","55%","51%","50%","52%","64%","58%","49%","54%","44%","52%","65%","70%","63%","57%","56%","44%","51%","49%","60%","46%","43%","52%","50%","48%","55%","62%","63%",""
"Q3 - When considering the below options, which are most likely to make you leave your current company?","Use of advanced technologies (e.g., AI, automation)","50%","53%","42%","74%","45%","46%","29%","61%","59%","64%","44%","52%","56%","54%","47%","36%","40%","54%","55%","45%","34%","47%","53%","43%","43%","58%","53%","57%","47%","52%","42%","46%","50%","53%","59%","68%","54%","57%","47%","47%","56%","39%","42%","48%","64%","41%","41%","40%","45%","46%","45%","44%","55%","57%","45%","40%","42%","45%","62%","70%","62%","52%","51%","36%","46%","39%","57%","39%","35%","46%","42%","43%","51%","59%","58%",""
"Q3 - When considering the below options, which are most likely to make you leave your current company?","Visa sponsorship / immigration assistance from an employer","45%","46%","35%","67%","40%","40%","31%","71%","52%","62%","37%","49%","52%","49%","41%","31%","28%","51%","50%","40%","27%","42%","48%","40%","43%","48%","50%","52%","41%","47%","38%","43%","41%","52%","51%","62%","51%","50%","42%","40%","50%","32%","39%","44%","57%","23%","40%","32%","42%","42%","44%","39%","48%","50%","38%","40%","37%","40%","60%","64%","55%","48%","48%","30%","42%","35%","51%","33%","33%","40%","37%","38%","46%","53%","54%",""
"Q3 - When considering the below options, which are most likely to make you leave your current company?","Other","4%","5%","3%","7%","3%","3%","4%","5%","5%","4%","2%","6%","4%","4%","4%","4%","3%","5%","4%","4%","3%","4%","4%","7%","6%","5%","4%","4%","3%","4%","5%","11%","8%","7%","8%","4%","5%","3%","4%","3%","4%","3%","4%","2%","4%","5%","5%","4%","1%","3%","5%","3%","4%","4%","3%","5%","4%","4%","6%","3%","4%","4%","4%","4%","5%","3%","4%","3%","4%","4%","5%","4%","4%","3%","4%",""
"Q4 - Please confirm the location of your current place of work, and also where this would ideally be for you? - Current place of work","Full-time in office","59%","64%","52%","61%","60%","48%","70%","64%","57%","67%","60%","59%","60%","58%","58%","58%","58%","61%","59%","58%","59%","57%","60%","39%","62%","55%","62%","61%","59%","61%","52%","40%","26%","66%","48%","58%","55%","66%","65%","48%","51%","49%","69%","67%","54%","51%","27%","63%","45%","47%","52%","69%","54%","49%","63%","68%","63%","52%","46%","62%","58%","58%","63%","57%","58%","54%","61%","58%","61%","59%","61%","56%","60%","59%","55%",""
"Q4 - Please confirm the location of your current place of work, and also where this would ideally be for you? - Current place of work","Full-time remote","10%","15%","12%","8%","6%","8%","4%","10%","13%","12%","10%","11%","10%","9%","9%","10%","13%","10%","9%","9%","11%","11%","9%","24%","11%","13%","8%","8%","8%","8%","14%","19%","35%","6%","15%","9%","12%","9%","9%","11%","11%","7%","8%","5%","14%","8%","5%","9%","9%","14%","12%","8%","15%","13%","8%","10%","9%","14%","19%","7%","8%","8%","8%","12%","12%","10%","8%","13%","10%","13%","10%","10%","10%","8%","8%",""
"Q4 - Please confirm the location of your current place of work, and also where this would ideally be for you? - Current place of work","Hybrid work (blend of working from home and office)","27%","17%","33%","27%","30%","35%","19%","22%","29%","18%","27%","21%","27%","29%","28%","25%","23%","23%","29%","28%","23%","27%","27%","26%","22%","26%","25%","27%","29%","28%","23%","27%","28%","24%","32%","31%","27%","18%","22%","38%","37%","41%","18%","24%","30%","36%","66%","26%","45%","36%","33%","16%","27%","34%","22%","18%","20%","26%","30%","28%","31%","31%","26%","23%","25%","32%","28%","23%","20%","21%","23%","26%","28%","31%","35%",""
"Q4 - Please confirm the location of your current place of work, and also where this would ideally be for you? - Current place of work","Unsure","4%","4%","3%","3%","4%","10%","7%","4%","2%","4%","3%","8%","3%","4%","4%","6%","6%","6%","3%","5%","7%","5%","4%","10%","6%","6%","5%","3%","4%","3%","11%","14%","11%","4%","4%","2%","6%","7%","4%","3%","2%","3%","5%","5%","2%","5%","1%","2%","1%","3%","3%","7%","4%","3%","7%","5%","8%","8%","5%","2%","2%","3%","3%","8%","6%","5%","3%","7%","9%","7%","6%","8%","3%","2%","2%",""
"Q4 - Please confirm the location of your current place of work, and also where this would ideally be for you? - Ideal place of work","Full-time in office","19%","21%","17%","18%","20%","15%","36%","18%","12%","18%","18%","15%","16%","18%","21%","24%","29%","15%","17%","21%","27%","16%","22%","17%","23%","22%","18%","19%","18%","19%","19%","17%","15%","20%","14%","17%","20%","23%","19%","15%","15%","15%","20%","23%","25%","19%","10%","12%","16%","17%","16%","23%","18%","16%","23%","22%","20%","17%","15%","20%","18%","18%","19%","19%","19%","15%","19%","21%","18%","20%","22%","19%","19%","17%","19%",""
"Q4 - Please confirm the location of your current place of work, and also where this would ideally be for you? - Ideal place of work","Full-time remote","24%","33%","25%","26%","19%","26%","15%","24%","28%","22%","22%","25%","27%","26%","22%","21%","23%","26%","26%","22%","21%","26%","23%","33%","23%","27%","26%","24%","24%","24%","24%","35%","38%","26%","27%","27%","22%","16%","23%","26%","29%","21%","22%","19%","25%","18%","26%","21%","27%","28%","23%","24%","28%","32%","22%","24%","24%","27%","33%","22%","24%","23%","24%","26%","27%","24%","23%","23%","21%","27%","24%","25%","24%","23%","26%",""
"Q4 - Please confirm the location of your current place of work, and also where this would ideally be for you? - Ideal place of work","Hybrid work (blend of working from home and office)","48%","36%","49%","48%","50%","49%","39%","51%","55%","54%","53%","49%","51%","49%","46%","42%","37%","50%","50%","46%","39%","49%","46%","35%","43%","41%","46%","49%","49%","49%","44%","35%","37%","44%","50%","50%","48%","52%","51%","55%","50%","56%","46%","48%","44%","58%","56%","58%","51%","48%","55%","40%","43%","48%","42%","44%","42%","43%","45%","52%","53%","51%","49%","42%","43%","52%","49%","45%","50%","39%","45%","43%","50%","53%","52%",""
"Q4 - Please confirm the location of your current place of work, and also where this would ideally be for you? - Ideal place of work","Unsure","9%","11%","8%","8%","12%","10%","10%","7%","5%","6%","7%","11%","6%","8%","11%","13%","11%","9%","7%","11%","13%","9%","9%","15%","10%","10%","10%","8%","8%","8%","14%","13%","10%","10%","9%","5%","10%","9%","7%","4%","6%","8%","12%","10%","6%","5%","8%","9%","5%","7%","6%","12%","12%","4%","12%","11%","15%","13%","7%","5%","6%","7%","9%","13%","10%","9%","8%","12%","11%","14%","10%","13%","7%","7%","4%",""
"Q5 - To what extent do you agree with the following statements about AI in the workplace and skills.","My organization offers a broad enough range of learning approaches [e.g. self-directed video/e-learning/podcasts/short modules/practical workshops] to suit my needs","63%","68%","62%","82%","51%","53%","38%","74%","71%","77%","61%","67%","70%","66%","57%","48%","53%","68%","68%","55%","49%","61%","64%","52%","51%","61%","64%","67%","62%","64%","54%","54%","57%","61%","68%","81%","65%","66%","59%","62%","73%","54%","58%","59%","67%","48%","49%","53%","59%","58%","56%","58%","62%","68%","52%","56%","49%","55%","77%","80%","74%","64%","65%","48%","57%","54%","69%","51%","54%","56%","53%","53%","65%","72%","70%",""
"Q5 - To what extent do you agree with the following statements about AI in the workplace and skills.","My organization encourages experimentation with new technologies","62%","64%","57%","85%","51%","51%","42%","79%","77%","78%","56%","64%","68%","66%","57%","45%","51%","66%","67%","55%","43%","58%","65%","53%","53%","61%","63%","67%","59%","64%","51%","57%","58%","64%","70%","83%","66%","67%","57%","65%","70%","48%","51%","62%","69%","43%","47%","49%","66%","62%","61%","53%","63%","72%","53%","51%","46%","54%","78%","81%","76%","64%","65%","44%","56%","52%","68%","46%","51%","52%","53%","50%","64%","73%","73%",""
"Q5 - To what extent do you agree with the following statements about AI in the workplace and skills.","I feel excited and positive about how emerging technologies like AI will change the way I work","61%","61%","53%","85%","49%","54%","43%","82%","80%","84%","55%","64%","70%","68%","55%","41%","43%","67%","69%","53%","39%","57%","66%","49%","55%","62%","64%","67%","58%","64%","49%","55%","56%","60%","69%","83%","64%","70%","58%","63%","69%","52%","51%","60%","68%","39%","48%","67%","64%","58%","61%","54%","62%","70%","51%","51%","54%","53%","71%","83%","76%","65%","64%","43%","55%","51%","69%","46%","44%","49%","52%","50%","64%","73%","71%",""
"Q5 - To what extent do you agree with the following statements about AI in the workplace and skills.","I think using AI in my role will bolster my value in the next three years","58%","58%","49%","82%","47%","52%","43%","76%","75%","77%","51%","57%","66%","64%","52%","40%","40%","61%","66%","50%","38%","53%","62%","50%","52%","61%","62%","63%","55%","61%","43%","49%","56%","63%","62%","80%","62%","64%","54%","60%","66%","47%","48%","59%","66%","37%","48%","65%","64%","53%","62%","49%","61%","67%","48%","44%","49%","49%","71%","78%","74%","62%","62%","39%","51%","47%","66%","42%","42%","47%","49%","46%","62%","69%","67%",""
"Q5 - To what extent do you agree with the following statements about AI in the workplace and skills.","When I've been asked to use AI to help with my job, I found it produced better results and/or improved efficiency.","57%","57%","48%","84%","45%","48%","40%","74%","75%","75%","50%","61%","66%","62%","50%","37%","41%","63%","64%","48%","35%","52%","61%","45%","52%","62%","60%","63%","53%","59%","44%","53%","55%","59%","61%","80%","61%","65%","52%","55%","65%","43%","46%","58%","70%","36%","40%","56%","57%","54%","62%","47%","61%","67%","45%","45%","44%","48%","69%","79%","74%","60%","59%","37%","52%","44%","64%","40%","38%","45%","47%","44%","60%","69%","66%",""
"Q5 - To what extent do you agree with the following statements about AI in the workplace and skills.","I feel leaders in my organization understand AI","56%","58%","49%","82%","45%","50%","36%","75%","67%","73%","47%","61%","63%","60%","50%","40%","44%","62%","62%","48%","39%","53%","59%","48%","50%","58%","58%","62%","52%","58%","46%","50%","51%","59%","65%","78%","61%","62%","51%","54%","65%","40%","44%","56%","65%","30%","47%","46%","54%","53%","59%","48%","59%","65%","47%","48%","41%","51%","71%","78%","71%","57%","58%","39%","50%","45%","63%","43%","41%","48%","46%","46%","58%","66%","68%",""
"Q5 - To what extent do you agree with the following statements about AI in the workplace and skills.","I feel adequately trained to use AI tools","55%","56%","46%","83%","40%","52%","29%","70%","77%","73%","45%","62%","63%","61%","47%","33%","38%","62%","63%","45%","32%","50%","59%","45%","47%","59%","59%","61%","51%","57%","43%","46%","54%","61%","63%","80%","57%","58%","49%","53%","62%","40%","44%","52%","65%","36%","41%","56%","55%","48%","59%","47%","59%","65%","45%","46%","42%","47%","69%","80%","71%","58%","56%","35%","51%","43%","62%","37%","38%","45%","44%","44%","57%","67%","66%",""
"Q5 - To what extent do you agree with the following statements about AI in the workplace and skills.","I feel certain that my role will be replaced by AI/tech in the next three years","44%","48%","36%","68%","38%","38%","32%","53%","42%","53%","41%","50%","50%","48%","41%","29%","31%","51%","48%","39%","27%","41%","47%","36%","40%","51%","49%","51%","40%","46%","36%","47%","43%","49%","50%","60%","45%","53%","37%","40%","53%","33%","35%","44%","56%","28%","32%","28%","41%","41%","47%","39%","52%","52%","36%","38%","41%","39%","54%","62%","54%","46%","47%","31%","42%","34%","49%","32%","35%","40%","38%","35%","45%","52%","49%",""
"Q6 - To what extent do you agree with the following statements with regards to your workplace.","I feel my company provides a variety of ways to communicate and connect with colleagues","68%","73%","68%","85%","61%","64%","40%","76%","73%","79%","67%","70%","73%","72%","65%","56%","60%","72%","73%","64%","56%","67%","70%","57%","61%","65%","70%","72%","68%","70%","60%","60%","58%","70%","72%","84%","73%","68%","68%","72%","75%","65%","63%","66%","70%","73%","64%","70%","70%","67%","70%","58%","66%","76%","58%","66%","59%","60%","78%","83%","79%","70%","71%","55%","63%","64%","73%","57%","66%","61%","59%","62%","70%","76%","78%",""
"Q6 - To what extent do you agree with the following statements with regards to your workplace.","I feel leaders in my company respect the needs of employees across generations","66%","72%","62%","86%","55%","61%","41%","79%","71%","77%","64%","68%","73%","69%","61%","53%","59%","70%","71%","59%","54%","64%","68%","62%","64%","63%","69%","70%","63%","67%","61%","58%","59%","69%","68%","83%","74%","64%","63%","70%","70%","58%","58%","65%","71%","59%","53%","61%","62%","65%","69%","59%","68%","68%","56%","64%","59%","60%","79%","83%","76%","67%","68%","53%","61%","59%","71%","57%","62%","62%","54%","59%","67%","74%","75%",""
"Q6 - To what extent do you agree with the following statements with regards to your workplace.","I feel my company provides adequate support for employee mental well-being","63%","70%","66%","82%","50%","55%","35%","73%","68%","75%","65%","64%","71%","67%","58%","50%","59%","67%","69%","56%","53%","61%","65%","57%","57%","61%","63%","67%","62%","65%","58%","53%","53%","62%","66%","81%","68%","66%","59%","66%","68%","58%","58%","61%","66%","58%","52%","61%","54%","59%","59%","59%","61%","68%","54%","57%","51%","58%","77%","81%","74%","63%","65%","51%","57%","56%","70%","52%","59%","60%","53%","56%","64%","72%","72%",""
"Q6 - To what extent do you agree with the following statements with regards to your workplace.","I have strong connections with my remote colleagues","59%","62%","56%","82%","53%","50%","26%","78%","66%","80%","57%","60%","67%","64%","54%","45%","42%","63%","66%","52%","43%","57%","62%","51%","51%","61%","62%","64%","56%","62%","48%","48%","53%","60%","65%","78%","64%","61%","55%","62%","67%","52%","52%","55%","70%","53%","63%","58%","53%","57%","55%","48%","64%","69%","53%","50%","50%","52%","72%","77%","73%","62%","62%","43%","53%","51%","66%","46%","50%","53%","49%","50%","61%","70%","68%",""
"Q6 - To what extent do you agree with the following statements with regards to your workplace.","I would stay at a job if it paid me the salary I want, even if I hated the role","59%","64%","56%","74%","51%","51%","49%","69%","56%","70%","59%","66%","66%","62%","54%","45%","43%","66%","64%","52%","44%","56%","62%","49%","51%","61%","63%","62%","58%","60%","53%","55%","50%","64%","59%","68%","60%","62%","56%","56%","65%","56%","54%","57%","66%","46%","49%","53%","45%","54%","62%","59%","63%","62%","57%","54%","55%","53%","64%","68%","63%","62%","61%","51%","59%","54%","62%","47%","47%","57%","53%","53%","61%","64%","58%",""
"Q6 - To what extent do you agree with the following statements with regards to your workplace.","I would stay at a job if it allowed me flexibility, even if I hated the role.","58%","62%","55%","75%","50%","47%","51%","69%","58%","70%","56%","62%","64%","62%","53%","42%","40%","63%","63%","51%","40%","54%","61%","49%","51%","61%","61%","62%","56%","59%","52%","59%","54%","59%","60%","70%","59%","61%","52%","58%","65%","53%","52%","57%","62%","45%","53%","53%","49%","57%","55%","54%","66%","61%","54%","51%","52%","52%","66%","70%","66%","60%","59%","47%","56%","52%","62%","42%","42%","54%","51%","49%","60%","65%","62%",""
"Q6 - To what extent do you agree with the following statements with regards to your workplace.","My organization has taken steps to reduce cultural gaps between different generations of workers","58%","63%","58%","80%","40%","51%","34%","72%","60%","74%","59%","63%","65%","63%","51%","42%","45%","64%","64%","49%","41%","55%","61%","47%","52%","58%","61%","62%","56%","59%","51%","53%","49%","64%","60%","76%","63%","59%","54%","58%","63%","48%","53%","55%","64%","48%","44%","56%","51%","54%","54%","53%","55%","64%","50%","55%","43%","48%","72%","76%","70%","60%","60%","43%","53%","50%","64%","43%","46%","52%","45%","51%","60%","67%","65%",""
"Q6 - To what extent do you agree with the following statements with regards to your workplace.","I feel I work better with people my own age","54%","55%","45%","82%","42%","53%","37%","70%","50%","76%","51%","66%","64%","56%","47%","36%","39%","67%","60%","45%","35%","50%","59%","41%","52%","57%","61%","60%","50%","56%","48%","49%","46%","60%","60%","71%","59%","60%","52%","48%","61%","42%","48%","53%","66%","37%","29%","40%","53%","51%","52%","50%","56%","61%","48%","50%","44%","47%","65%","71%","65%","56%","56%","41%","53%","44%","59%","37%","45%","48%","43%","48%","57%","63%","61%",""
"Q7 - To what extent do you agree with the following statements.","The organization handles decisions about people with sensitivity and care","59%","65%","60%","81%","42%","51%","38%","71%","67%","73%","57%","61%","66%","63%","52%","46%","51%","64%","65%","51%","47%","56%","62%","54%","54%","58%","63%","65%","56%","61%","53%","51%","53%","59%","59%","77%","67%","61%","58%","57%","64%","47%","53%","57%","66%","57%","49%","58%","58%","55%","62%","54%","56%","64%","51%","54%","48%","52%","74%","76%","71%","60%","61%","45%","55%","50%","65%","45%","61%","54%","49%","49%","62%","68%","66%",""
"Q7 - To what extent do you agree with the following statements.","I am worried about how to make my resume/ CV stand out in the competitive job market","53%","53%","50%","65%","43%","42%","38%","67%","75%","63%","56%","62%","60%","55%","49%","38%","32%","62%","57%","47%","34%","53%","53%","46%","50%","53%","56%","56%","51%","53%","51%","53%","51%","56%","60%","63%","53%","61%","52%","53%","57%","48%","47%","52%","62%","53%","29%","53%","65%","47%","49%","53%","59%","56%","40%","52%","45%","48%","56%","61%","58%","54%","55%","46%","53%","47%","55%","42%","38%","52%","51%","45%","56%","56%","51%",""
"Q7 - To what extent do you agree with the following statements.","My organization's leaders value people over profits","52%","57%","47%","78%","39%","45%","33%","62%","50%","65%","48%","58%","59%","56%","45%","35%","40%","59%","58%","43%","35%","48%","55%","46%","48%","53%","57%","58%","47%","53%","45%","47%","47%","53%","56%","71%","58%","51%","53%","45%","56%","43%","45%","51%","61%","51%","32%","42%","55%","49%","55%","41%","50%","57%","40%","44%","39%","45%","68%","72%","64%","53%","54%","36%","49%","42%","57%","33%","44%","44%","40%","43%","53%","62%","61%",""
"Q7 - To what extent do you agree with the following statements.","I am concerned about a lack of jobs for my skillset","47%","48%","41%","65%","42%","40%","35%","61%","58%","58%","43%","54%","53%","50%","45%","33%","29%","54%","51%","43%","30%","45%","49%","45%","42%","51%","52%","51%","44%","48%","43%","48%","52%","53%","50%","59%","47%","44%","46%","45%","52%","41%","39%","47%","57%","38%","29%","44%","61%","43%","45%","43%","54%","54%","41%","47%","41%","43%","56%","58%","52%","49%","49%","39%","48%","40%","50%","37%","33%","42%","45%","41%","49%","53%","52%",""
"Q7 - To what extent do you agree with the following statements.","I am open to relocating to another country to secure a job","47%","47%","43%","73%","35%","41%","26%","68%","56%","65%","42%","57%","57%","52%","42%","25%","22%","59%","54%","38%","20%","41%","53%","40%","40%","49%","51%","53%","44%","49%","37%","45%","44%","48%","51%","67%","55%","50%","42%","45%","56%","36%","39%","45%","60%","30%","30%","39%","49%","43%","39%","41%","52%","55%","37%","44%","44%","39%","61%","65%","61%","51%","49%","31%","48%","37%","52%","30%","30%","38%","38%","38%","50%","57%","54%",""
"Q7 - To what extent do you agree with the following statements.","I am concerned that protectionism policies around immigration are affecting my ability to find work","41%","42%","33%","68%","35%","36%","25%","55%","42%","51%","35%","49%","48%","45%","36%","25%","25%","50%","46%","34%","23%","36%","46%","35%","39%","47%","47%","48%","36%","43%","34%","39%","37%","50%","44%","59%","44%","44%","36%","39%","49%","27%","33%","41%","56%","21%","26%","21%","49%","36%","41%","35%","46%","48%","34%","36%","38%","35%","53%","59%","52%","44%","43%","27%","40%","31%","46%","25%","26%","35%","34%","34%","42%","50%","45%",""
"Q7 - To what extent do you agree with the following statements.","I expect a significant reduction in DEI initiatives at my company since new governments were elected","41%","50%","34%","65%","32%","32%","24%","51%","45%","46%","34%","48%","48%","44%","37%","25%","26%","49%","45%","34%","25%","36%","45%","32%","36%","45%","46%","49%","36%","43%","31%","38%","39%","46%","44%","59%","46%","43%","38%","39%","47%","28%","33%","40%","60%","17%","22%","30%","41%","39%","38%","35%","44%","51%","33%","35%","33%","32%","55%","60%","51%","43%","42%","26%","39%","30%","46%","26%","33%","34%","33%","31%","42%","51%","47%",""
"Q7 - To what extent do you agree with the following statements.","I feel my company is using Return to Office policies and other rules to push me out","38%","39%","30%","61%","34%","33%","22%","50%","33%","48%","34%","46%","44%","41%","34%","21%","19%","47%","42%","32%","19%","32%","42%","27%","32%","47%","44%","46%","33%","39%","29%","38%","31%","46%","42%","53%","41%","42%","32%","32%","46%","27%","29%","37%","49%","27%","22%","16%","38%","35%","39%","31%","43%","48%","31%","31%","31%","30%","49%","55%","48%","42%","39%","23%","37%","28%","42%","22%","22%","30%","31%","29%","39%","47%","39%",""
"Q8 - To what extent do you agree with the following statements.","Leaders at my organization are often not aligned","43%","48%","42%","54%","41%","39%","30%","44%","42%","37%","46%","48%","47%","46%","42%","33%","29%","48%","46%","41%","30%","42%","45%","32%","40%","46%","47%","48%","43%","44%","40%","42%","36%","51%","46%","51%","41%","42%","42%","39%","47%","44%","43%","42%","52%","37%","38%","37%","42%","38%","39%","42%","45%","48%","39%","41%","37%","36%","43%","50%","48%","45%","46%","37%","43%","41%","45%","36%","34%","41%","42%","41%","43%","48%","40%",""
"Q8 - To what extent do you agree with the following statements.","I feel recent changes in senior leadership has negatively impacted the operations at our firm","41%","43%","35%","56%","39%","37%","22%","46%","37%","45%","41%","48%","45%","43%","38%","28%","24%","47%","44%","37%","25%","38%","43%","27%","34%","45%","44%","47%","39%","42%","36%","34%","32%","51%","44%","51%","36%","40%","39%","36%","45%","37%","38%","39%","52%","31%","38%","23%","42%","35%","34%","36%","46%","47%","37%","37%","37%","33%","47%","50%","47%","42%","42%","31%","39%","36%","44%","31%","27%","37%","37%","36%","40%","47%","42%",""
"Q8 - To what extent do you agree with the following statements.","I am stretched too far beyond my capabilities at work","40%","42%","33%","61%","36%","39%","24%","43%","43%","38%","40%","46%","46%","43%","38%","27%","22%","46%","44%","36%","24%","39%","42%","34%","36%","44%","44%","46%","38%","42%","35%","40%","34%","46%","40%","53%","39%","35%","39%","35%","46%","32%","39%","37%","52%","33%","29%","39%","26%","40%","39%","39%","43%","46%","34%","34%","33%","34%","47%","52%","47%","41%","43%","31%","40%","35%","43%","31%","31%","36%","35%","36%","40%","48%","42%",""
"Q8 - To what extent do you agree with the following statements.","I feel that I am overlooked for leadership roles because of my age.","38%","42%","32%","58%","30%","32%","23%","44%","38%","43%","39%","52%","45%","37%","33%","28%","28%","51%","40%","31%","29%","35%","41%","30%","35%","47%","42%","44%","35%","39%","34%","42%","37%","48%","43%","52%","38%","38%","35%","35%","42%","28%","33%","36%","51%","30%","26%","28%","36%","34%","33%","37%","43%","43%","30%","35%","33%","31%","44%","51%","45%","39%","40%","28%","39%","32%","41%","27%","30%","34%","31%","33%","39%","45%","39%",""
"Q8 - To what extent do you agree with the following statements.","I frequently doubt my ability to fulfill my work responsibilities.","36%","38%","32%","54%","30%","31%","28%","40%","33%","39%","37%","47%","43%","38%","33%","20%","17%","46%","40%","30%","18%","34%","38%","29%","34%","44%","41%","42%","33%","37%","33%","42%","34%","43%","43%","50%","35%","33%","36%","30%","40%","30%","32%","32%","50%","27%","29%","42%","38%","35%","37%","31%","40%","43%","26%","27%","31%","31%","41%","47%","43%","38%","38%","27%","37%","31%","39%","22%","22%","32%","32%","30%","37%","43%","37%",""
"Q8 - To what extent do you agree with the following statements.","I feel that I am overlooked for training because of my age","36%","41%","30%","55%","29%","32%","22%","44%","35%","39%","36%","48%","41%","36%","32%","29%","24%","46%","38%","31%","28%","33%","39%","29%","35%","46%","44%","42%","32%","37%","33%","37%","34%","45%","42%","49%","36%","39%","35%","30%","38%","26%","30%","36%","51%","27%","25%","32%","28%","33%","33%","35%","40%","41%","28%","34%","32%","29%","44%","47%","43%","39%","38%","26%","36%","28%","39%","28%","24%","34%","31%","31%","37%","42%","38%",""
"Q8 - To what extent do you agree with the following statements.","I feel that I am overlooked for promotions, pay rises, or leadership training because of my class.","36%","39%","29%","56%","28%","33%","22%","44%","36%","42%","32%","45%","42%","38%","31%","21%","20%","44%","39%","30%","18%","31%","40%","25%","34%","44%","42%","42%","32%","37%","29%","37%","33%","46%","39%","51%","36%","33%","31%","31%","40%","25%","29%","34%","57%","24%","21%","23%","36%","35%","38%","32%","39%","40%","26%","29%","32%","29%","43%","48%","44%","39%","37%","24%","35%","27%","39%","24%","20%","31%","29%","29%","36%","43%","38%",""
"Q8 - To what extent do you agree with the following statements.","I feel that I am overlooked for promotions, pay rises, or leadership training because of my sex.","35%","37%","25%","51%","37%","33%","20%","39%","34%","38%","34%","43%","41%","37%","33%","21%","16%","43%","38%","31%","18%","33%","37%","27%","34%","40%","42%","42%","32%","36%","29%","37%","30%","44%","41%","48%","35%","36%","29%","31%","42%","27%","30%","34%","48%","21%","22%","25%","35%","33%","29%","31%","36%","44%","28%","31%","27%","31%","43%","48%","43%","38%","36%","25%","35%","29%","38%","25%","24%","32%","32%","29%","34%","42%","36%",""
"Q8 - To what extent do you agree with the following statements.","I feel that I am overlooked for promotions, pay rises, or leadership training because of my race.","33%","39%","26%","56%","24%","29%","19%","46%","32%","40%","29%","42%","40%","36%","29%","17%","14%","43%","38%","27%","14%","28%","38%","25%","31%","41%","40%","40%","29%","34%","27%","39%","26%","43%","36%","48%","33%","32%","29%","28%","40%","23%","26%","32%","51%","17%","21%","23%","31%","31%","32%","29%","35%","42%","25%","28%","30%","27%","42%","48%","44%","35%","35%","20%","33%","23%","37%","20%","18%","28%","26%","26%","34%","42%","34%",""
"Q8 - To what extent do you agree with the following statements.","I struggle with imposter syndrome","32%","35%","31%","46%","32%","25%","14%","29%","30%","26%","39%","43%","39%","34%","30%","17%","13%","42%","36%","27%","14%","31%","33%","27%","27%","39%","38%","37%","30%","33%","28%","35%","32%","40%","31%","44%","31%","36%","32%","28%","36%","28%","30%","26%","47%","31%","32%","37%","39%","31%","22%","28%","32%","37%","21%","31%","27%","26%","40%","43%","38%","34%","33%","24%","33%","30%","34%","19%","18%","28%","28%","25%","32%","40%","38%",""
"Q8 - To what extent do you agree with the following statements.","I share negative reviews about my employer on social media or review sites (such as Glassdoor)","28%","32%","20%","46%","23%","27%","18%","34%","27%","38%","25%","36%","35%","31%","24%","15%","13%","37%","32%","23%","12%","23%","33%","25%","26%","36%","33%","35%","24%","30%","22%","33%","24%","37%","32%","43%","31%","29%","23%","23%","34%","19%","20%","29%","48%","15%","19%","19%","22%","26%","27%","23%","35%","36%","22%","22%","20%","23%","39%","44%","39%","30%","30%","16%","28%","21%","32%","15%","17%","24%","23%","23%","28%","36%","31%",""
"Q9 - To what extent do you agree with the following statements.","My manager empowers me","62%","66%","58%","79%","65%","45%","39%","73%","74%","75%","60%","62%","68%","65%","58%","52%","54%","64%","67%","57%","52%","61%","63%","52%","55%","59%","63%","66%","61%","64%","53%","50%","53%","59%","68%","77%","66%","66%","60%","65%","67%","61%","55%","60%","63%","52%","53%","63%","70%","60%","62%","54%","62%","68%","53%","58%","55%","55%","68%","78%","74%","63%","64%","50%","56%","57%","68%","52%","54%","57%","58%","49%","64%","71%","70%",""
"Q9 - To what extent do you agree with the following statements.","I feel that my ideas and opinions will be welcomed by company leaders","61%","67%","57%","81%","52%","53%","35%","72%","73%","76%","59%","59%","67%","66%","56%","50%","52%","62%","67%","55%","49%","60%","63%","56%","58%","59%","63%","66%","58%","63%","53%","55%","55%","62%","66%","80%","68%","63%","62%","60%","66%","53%","53%","61%","65%","55%","55%","58%","65%","59%","61%","52%","64%","66%","56%","52%","50%","54%","75%","79%","74%","63%","63%","46%","54%","54%","68%","48%","63%","54%","52%","53%","62%","72%","71%",""
"Q9 - To what extent do you agree with the following statements.","If a problem in my personal life is affecting my work/performance, I feel comfortable telling my manager about it","60%","65%","61%","73%","57%","53%","36%","56%","63%","58%","62%","59%","63%","63%","57%","52%","50%","60%","63%","56%","51%","59%","60%","50%","56%","59%","60%","63%","59%","61%","55%","56%","47%","60%","63%","71%","61%","60%","60%","58%","63%","58%","56%","56%","66%","58%","48%","49%","53%","54%","62%","56%","62%","63%","57%","55%","53%","53%","65%","71%","67%","59%","60%","52%","54%","57%","64%","52%","61%","56%","52%","54%","60%","66%","67%",""
"Q9 - To what extent do you agree with the following statements.","Our external reputation matches our internal culture.","59%","63%","56%","78%","52%","51%","31%","74%","71%","78%","55%","60%","65%","64%","54%","46%","51%","62%","64%","53%","46%","57%","61%","51%","54%","59%","64%","63%","56%","61%","51%","48%","54%","57%","62%","77%","68%","59%","58%","58%","65%","49%","52%","58%","63%","57%","55%","54%","62%","57%","62%","54%","61%","60%","50%","55%","50%","50%","71%","78%","70%","60%","62%","45%","54%","50%","66%","46%","51%","53%","50%","49%","61%","68%","70%",""
"Q9 - To what extent do you agree with the following statements.","I'm comfortable discussing my personal life with my colleagues","58%","62%","56%","73%","58%","53%","41%","52%","49%","52%","61%","61%","61%","60%","56%","50%","49%","60%","61%","55%","49%","57%","59%","46%","52%","58%","60%","61%","58%","59%","55%","46%","44%","62%","60%","68%","59%","62%","58%","53%","62%","54%","54%","58%","61%","61%","52%","53%","54%","54%","56%","56%","52%","64%","57%","53%","50%","49%","61%","69%","65%","58%","58%","50%","52%","57%","62%","48%","54%","56%","51%","52%","57%","65%","58%",""
"Q9 - To what extent do you agree with the following statements.","My manager appears overwhelmed at work","46%","50%","43%","68%","39%","37%","27%","39%","47%","37%","48%","53%","50%","48%","43%","32%","31%","52%","49%","42%","29%","44%","47%","35%","41%","51%","49%","51%","44%","46%","43%","44%","33%","50%","46%","59%","41%","44%","44%","43%","50%","39%","46%","43%","56%","42%","38%","42%","49%","41%","44%","44%","45%","51%","36%","42%","34%","37%","46%","57%","54%","45%","48%","37%","44%","40%","49%","34%","34%","41%","40%","40%","45%","54%","47%",""
"Q9 - To what extent do you agree with the following statements.","My organization has cut back on the number of managers","41%","44%","39%","60%","38%","32%","24%","47%","40%","46%","43%","49%","46%","44%","39%","28%","26%","48%","45%","37%","27%","37%","45%","30%","35%","44%","46%","47%","39%","43%","35%","43%","36%","51%","46%","53%","44%","50%","37%","42%","50%","29%","35%","39%","54%","29%","30%","37%","42%","36%","38%","40%","45%","51%","34%","41%","32%","34%","48%","53%","51%","42%","46%","29%","40%","34%","45%","32%","26%","37%","37%","32%","42%","50%","41%",""
"Q9 - To what extent do you agree with the following statements.","The lack of managers at my organization leaves me feeling directionless","37%","40%","30%","59%","35%","32%","21%","44%","32%","49%","36%","46%","44%","40%","34%","22%","20%","47%","41%","32%","19%","34%","41%","28%","37%","47%","43%","44%","33%","38%","32%","41%","34%","45%","46%","51%","38%","41%","34%","33%","44%","30%","33%","36%","57%","30%","19%","23%","34%","33%","34%","34%","41%","44%","28%","31%","33%","28%","43%","52%","44%","40%","40%","26%","37%","29%","41%","26%","24%","33%","31%","31%","38%","45%","40%",""
"Q11 - How well do you think you are compensated for your skillset?","My company gives me a salary and benefits that are below the value of my skills","35%","34%","38%","30%","46%","34%","33%","35%","31%","34%","34%","34%","33%","33%","40%","40%","31%","34%","33%","40%","35%","38%","33%","36%","35%","36%","34%","33%","37%","35%","37%","36%","36%","39%","36%","24%","31%","34%","43%","33%","33%","41%","43%","32%","30%","40%","36%","21%","41%","35%","27%","38%","38%","31%","39%","43%","38%","34%","30%","24%","29%","34%","36%","42%","38%","41%","31%","43%","36%","38%","41%","39%","33%","32%","29%",""
"Q11 - How well do you think you are compensated for your skillset?","My company gives me a salary and benefits that match the value of my skills","58%","57%","56%","59%","52%","62%","60%","60%","63%","60%","60%","59%","60%","60%","55%","57%","64%","59%","60%","55%","61%","56%","60%","58%","59%","59%","61%","60%","57%","58%","58%","58%","57%","56%","57%","63%","61%","61%","53%","60%","60%","54%","53%","62%","59%","57%","62%","74%","55%","59%","69%","58%","57%","58%","56%","54%","59%","60%","56%","65%","63%","61%","57%","54%","56%","55%","61%","53%","60%","57%","54%","57%","61%","59%","56%",""
"Q11 - How well do you think you are compensated for your skillset?","My company gives me a salary and benefits that exceed the value of my skills","6%","9%","6%","11%","3%","4%","7%","5%","6%","6%","7%","7%","7%","7%","6%","4%","5%","6%","8%","5%","4%","6%","7%","6%","6%","5%","5%","7%","6%","7%","5%","6%","7%","5%","7%","13%","9%","6%","4%","7%","7%","5%","4%","5%","11%","3%","3%","5%","4%","6%","4%","4%","5%","11%","5%","3%","3%","6%","14%","11%","8%","5%","7%","4%","6%","4%","7%","4%","4%","5%","5%","4%","6%","9%","14%",""
"Q12 - Are you planning on leaving your current role in the next three months?","No, not interested in moving","47%","47%","47%","32%","55%","49%","57%","43%","48%","47%","47%","38%","40%","45%","52%","60%","60%","39%","43%","53%","62%","48%","46%","53%","45%","41%","41%","45%","50%","47%","47%","30%","45%","48%","43%","42%","47%","44%","50%","47%","42%","55%","50%","51%","51%","44%","41%","53%","46%","43%","52%","45%","42%","36%","51%","40%","51%","54%","48%","42%","41%","43%","46%","54%","43%","48%","48%","54%","59%","52%","50%","49%","45%","45%","53%",""
"Q12 - Are you planning on leaving your current role in the next three months?","I'm considering it and looking at options","40%","36%","41%","50%","33%","39%","34%","42%","40%","40%","41%","46%","46%","42%","38%","25%","16%","46%","43%","36%","19%","39%","40%","34%","42%","45%","45%","42%","37%","40%","39%","51%","36%","42%","44%","42%","42%","39%","38%","42%","43%","33%","39%","37%","36%","36%","47%","33%","36%","43%","39%","40%","43%","45%","37%","47%","37%","33%","31%","42%","45%","43%","40%","34%","43%","41%","38%","32%","26%","35%","37%","40%","43%","40%","29%",""
"Q12 - Are you planning on leaving your current role in the next three months?","I'm currently applying and/or interviewing","10%","12%","9%","15%","7%","9%","5%","14%","10%","12%","10%","14%","13%","11%","8%","5%","2%","14%","12%","8%","3%","10%","10%","8%","12%","12%","10%","11%","9%","10%","10%","15%","14%","7%","11%","12%","9%","14%","9%","10%","12%","8%","8%","8%","11%","16%","5%","12%","15%","10%","7%","13%","14%","15%","7%","12%","9%","9%","17%","12%","11%","11%","10%","8%","12%","9%","10%","8%","7%","10%","9%","8%","10%","12%","12%",""
"Q12 - Are you planning on leaving your current role in the next three months?","I'm preparing to retire","3%","5%","3%","3%","5%","3%","5%","1%","2%","1%","2%","1%","1%","2%","2%","10%","22%","1%","2%","3%","17%","3%","4%","5%","2%","2%","4%","3%","4%","3%","4%","4%","5%","3%","2%","4%","2%","4%","3%","1%","3%","4%","4%","4%","2%","5%","7%","2%","3%","3%","3%","2%","2%","5%","4%","1%","3%","4%","5%","4%","3%","3%","3%","4%","2%","2%","4%","6%","7%","4%","3%","3%","3%","4%","6%",""
"Q13 - What would your ideal role be?","Permanent Full Time","74%","78%","74%","81%","77%","72%","79%","73%","63%","75%","64%","57%","75%","79%","77%","70%","44%","64%","78%","76%","59%","67%","80%","38%","68%","71%","74%","77%","78%","86%","19%","27%","19%","79%","69%","84%","75%","70%","66%","83%","81%","76%","66%","85%","61%","62%","74%","68%","84%","73%","77%","62%","66%","80%","80%","69%","76%","67%","68%","82%","82%","78%","77%","63%","70%","73%","77%","64%","57%","63%","68%","69%","76%","81%","79%",""
"Q13 - What would your ideal role be?","Part time","15%","11%","18%","8%","14%","17%","10%","11%","25%","15%","22%","25%","13%","12%","14%","21%","37%","19%","12%","15%","28%","23%","9%","29%","23%","17%","15%","12%","14%","6%","68%","16%","11%","11%","15%","7%","11%","12%","21%","9%","9%","18%","25%","7%","11%","27%","18%","14%","5%","13%","12%","27%","20%","11%","12%","19%","14%","20%","11%","8%","8%","12%","13%","24%","17%","16%","14%","22%","29%","25%","20%","20%","12%","10%","9%",""
"Q13 - What would your ideal role be?","Contract / Interim Part Time","2%","1%","1%","2%","1%","2%","1%","4%","4%","1%","2%","4%","2%","1%","1%","2%","3%","3%","1%","1%","3%","2%","2%","3%","3%","3%","3%","1%","1%","1%","4%","21%","4%","2%","5%","2%","2%","3%","3%","2%","1%","1%","2%","1%","4%","2%","1%","2%","1%","1%","2%","1%","2%","3%","1%","1%","1%","2%","1%","2%","2%","2%","1%","2%","2%","2%","2%","2%","2%","2%","2%","2%","2%","1%","2%",""
"Q13 - What would your ideal role be?","Contract / Interim Full Time","2%","2%","2%","3%","2%","1%","2%","3%","2%","2%","4%","4%","3%","2%","2%","1%","2%","4%","2%","2%","1%","2%","3%","2%","2%","3%","3%","3%","1%","2%","2%","24%","5%","2%","2%","3%","3%","6%","2%","2%","2%","1%","2%","2%","14%","2%","4%","5%","1%","2%","2%","2%","3%","2%","1%","3%","2%","1%","3%","3%","3%","2%","3%","2%","3%","2%","2%","2%","3%","2%","3%","2%","3%","2%","2%",""
"Q13 - What would your ideal role be?","Freelance Part Time","2%","3%","2%","2%","2%","2%","3%","5%","3%","3%","3%","4%","2%","2%","2%","3%","10%","3%","2%","2%","6%","3%","2%","12%","2%","2%","2%","2%","2%","1%","4%","7%","27%","1%","4%","1%","3%","4%","5%","2%","1%","1%","2%","2%","5%","1%","-","5%","4%","4%","3%","3%","2%","1%","2%","3%","3%","4%","4%","1%","1%","2%","2%","4%","3%","2%","2%","4%","6%","3%","2%","2%","3%","2%","2%",""
"Q13 - What would your ideal role be?","Freelance Full Time","4%","5%","3%","4%","4%","5%","5%","4%","4%","4%","6%","6%","5%","4%","4%","3%","4%","6%","5%","4%","3%","4%","4%","16%","3%","4%","4%","4%","4%","4%","3%","5%","33%","5%","5%","3%","6%","4%","3%","2%","5%","3%","3%","3%","5%","6%","3%","5%","4%","7%","4%","5%","8%","3%","4%","5%","3%","7%","13%","5%","4%","4%","3%","5%","5%","5%","4%","6%","2%","5%","5%","5%","4%","4%","5%",""
"Q14 - What are the biggest challenges you face when working with colleagues from different generations?","Different communication styles","40%","41%","37%","53%","25%","36%","34%","45%","46%","47%","43%","48%","48%","41%","33%","27%","27%","49%","44%","32%","26%","39%","40%","35%","36%","38%","42%","42%","39%","41%","35%","34%","36%","42%","49%","50%","39%","30%","38%","40%","44%","33%","36%","39%","50%","31%","29%","46%","42%","36%","42%","36%","42%","45%","32%","38%","29%","37%","45%","46%","47%","38%","42%","34%","41%","38%","41%","29%","27%","34%","34%","35%","41%","45%","43%",""
"Q14 - What are the biggest challenges you face when working with colleagues from different generations?","Gaps in technology skills","35%","33%","33%","50%","25%","32%","31%","38%","29%","39%","39%","39%","41%","37%","31%","24%","25%","40%","39%","29%","24%","32%","38%","29%","31%","38%","37%","38%","35%","36%","31%","38%","34%","36%","33%","46%","37%","35%","35%","36%","39%","34%","30%","36%","48%","35%","33%","37%","30%","32%","33%","30%","33%","39%","28%","29%","30%","28%","36%","41%","42%","38%","37%","26%","35%","31%","37%","25%","26%","26%","31%","29%","39%","41%","33%",""
"Q14 - What are the biggest challenges you face when working with colleagues from different generations?","Conflicting values or priorities","35%","36%","31%","44%","22%","35%","34%","36%","37%","38%","36%","35%","38%","36%","33%","27%","26%","36%","38%","32%","26%","34%","36%","27%","30%","32%","34%","37%","34%","35%","30%","45%","31%","34%","37%","42%","33%","32%","35%","39%","37%","31%","34%","36%","32%","33%","34%","39%","36%","33%","36%","32%","33%","35%","30%","34%","27%","29%","35%","38%","41%","35%","36%","30%","34%","30%","37%","28%","30%","28%","30%","33%","38%","38%","37%",""
"Q14 - What are the biggest challenges you face when working with colleagues from different generations?","Leadership bias towards specific age groups","23%","24%","21%","43%","11%","18%","11%","26%","16%","26%","26%","33%","29%","23%","18%","12%","14%","32%","25%","17%","12%","22%","23%","16%","19%","21%","23%","26%","22%","23%","20%","19%","24%","20%","24%","34%","21%","24%","21%","19%","26%","15%","21%","23%","31%","16%","16%","19%","28%","19%","20%","20%","23%","25%","19%","22%","19%","16%","25%","30%","27%","23%","26%","16%","24%","18%","24%","13%","14%","17%","14%","18%","25%","29%","24%",""
"Q14 - What are the biggest challenges you face when working with colleagues from different generations?","I don't experience any challenges","28%","30%","33%","10%","44%","27%","35%","22%","26%","22%","27%","15%","19%","26%","34%","45%","44%","17%","23%","36%","46%","31%","26%","34%","30%","21%","24%","25%","30%","27%","33%","17%","30%","24%","21%","16%","27%","30%","28%","24%","21%","35%","33%","27%","16%","33%","33%","21%","19%","32%","28%","34%","23%","24%","40%","33%","33%","38%","26%","20%","18%","25%","24%","39%","27%","31%","26%","43%","41%","37%","33%","31%","25%","23%","28%",""
"Q15 - Which of the following would help you collaborate better with colleagues from different generations?","Training on communication and teamwork","46%","45%","40%","68%","24%","38%","45%","63%","62%","71%","45%","50%","55%","50%","41%","31%","28%","53%","52%","39%","29%","44%","49%","37%","37%","43%","48%","50%","45%","48%","38%","35%","42%","49%","51%","62%","50%","49%","43%","48%","50%","38%","41%","47%","52%","36%","33%","44%","35%","43%","48%","40%","48%","56%","38%","44%","36%","40%","54%","58%","55%","46%","51%","36%","44%","37%","52%","34%","31%","37%","39%","40%","50%","53%","52%",""
"Q15 - Which of the following would help you collaborate better with colleagues from different generations?","A stronger focus on shared values and goals","45%","44%","41%","64%","28%","43%","38%","60%","45%","64%","48%","50%","51%","48%","40%","33%","33%","51%","50%","39%","32%","42%","48%","32%","39%","41%","44%","50%","44%","47%","40%","42%","38%","41%","47%","56%","50%","51%","46%","45%","50%","39%","43%","47%","60%","36%","42%","40%","35%","38%","45%","41%","45%","46%","37%","42%","39%","39%","48%","54%","53%","46%","50%","35%","44%","38%","49%","35%","38%","34%","35%","40%","50%","52%","53%",""
"Q15 - Which of the following would help you collaborate better with colleagues from different generations?","Technology training for bridging skill gaps","41%","44%","38%","64%","25%","30%","29%","50%","46%","52%","41%","36%","47%","45%","37%","28%","28%","41%","46%","35%","28%","38%","43%","28%","29%","34%","39%","47%","40%","43%","32%","33%","38%","38%","38%","59%","42%","43%","38%","45%","46%","36%","34%","42%","45%","35%","32%","44%","42%","42%","42%","33%","36%","46%","32%","29%","35%","33%","42%","53%","49%","41%","45%","30%","37%","32%","46%","31%","19%","28%","33%","31%","44%","52%","44%",""
"Q15 - Which of the following would help you collaborate better with colleagues from different generations?","Reverse mentorship programmes","23%","23%","22%","37%","15%","17%","15%","23%","21%","19%","28%","27%","28%","26%","19%","11%","10%","28%","26%","18%","10%","20%","25%","16%","21%","28%","24%","27%","21%","24%","17%","27%","18%","30%","26%","32%","27%","30%","20%","22%","28%","16%","18%","21%","31%","14%","18%","32%","24%","19%","19%","19%","23%","29%","18%","19%","14%","16%","29%","35%","31%","24%","24%","12%","21%","19%","25%","12%","15%","16%","17%","17%","25%","29%","26%",""
"Q15 - Which of the following would help you collaborate better with colleagues from different generations?","Training on how to work remotely with colleagues","22%","19%","18%","39%","13%","16%","11%","32%","25%","38%","22%","22%","27%","24%","18%","13%","13%","23%","26%","17%","13%","21%","22%","15%","15%","15%","21%","25%","21%","22%","17%","16%","26%","21%","25%","31%","25%","26%","19%","21%","26%","18%","18%","20%","29%","21%","19%","12%","19%","20%","24%","15%","21%","28%","19%","17%","12%","17%","22%","31%","25%","21%","24%","15%","20%","17%","24%","14%","7%","14%","15%","17%","24%","27%","26%",""
"Q15 - Which of the following would help you collaborate better with colleagues from different generations?","None of these","17%","18%","23%","1%","32%","18%","25%","4%","6%","4%","16%","8%","8%","14%","22%","35%","35%","7%","11%","25%","36%","20%","14%","27%","21%","12%","14%","12%","20%","16%","24%","11%","20%","13%","14%","5%","12%","11%","18%","16%","12%","23%","22%","16%","6%","19%","26%","16%","18%","19%","18%","22%","12%","10%","25%","22%","23%","27%","15%","6%","6%","13%","12%","30%","17%","22%","14%","32%","30%","27%","22%","21%","13%","11%","13%",""
"Q16 - Do you feel your company allows you to switch off at the end of the day without an expectation to answer emails or calls?","Yes, there is no expectation to answer emails or calls after I log off","48%","50%","52%","35%","51%","56%","52%","31%","47%","26%","52%","46%","45%","46%","49%","56%","58%","45%","45%","51%","57%","51%","45%","50%","47%","45%","45%","46%","51%","47%","55%","46%","39%","53%","47%","41%","44%","48%","47%","49%","50%","56%","50%","47%","37%","52%","49%","46%","43%","43%","36%","50%","49%","47%","54%","46%","49%","52%","45%","43%","39%","43%","45%","59%","50%","54%","45%","52%","56%","53%","54%","54%","45%","43%","43%",""
"Q16 - Do you feel your company allows you to switch off at the end of the day without an expectation to answer emails or calls?","Somewhat, I still have to answer urgent emails or calls on a case-by-case basis","39%","36%","37%","48%","34%","34%","33%","53%","41%","57%","39%","42%","44%","41%","37%","30%","30%","44%","42%","35%","30%","37%","41%","36%","39%","43%","42%","41%","37%","40%","33%","44%","44%","34%","39%","48%","44%","41%","40%","40%","39%","34%","35%","39%","45%","33%","42%","39%","41%","43%","52%","36%","40%","40%","32%","41%","38%","33%","39%","45%","49%","44%","41%","28%","37%","35%","42%","31%","33%","32%","36%","33%","43%","43%","42%",""
"Q16 - Do you feel your company allows you to switch off at the end of the day without an expectation to answer emails or calls?","Not at all, my company expects me to always be available and responsive","13%","14%","11%","16%","15%","10%","15%","16%","12%","17%","10%","12%","12%","14%","14%","14%","12%","11%","13%","14%","13%","13%","13%","14%","14%","12%","13%","13%","13%","13%","12%","10%","17%","12%","14%","12%","13%","12%","12%","11%","11%","11%","15%","13%","18%","15%","8%","16%","16%","14%","12%","14%","11%","12%","14%","13%","13%","15%","16%","11%","12%","13%","14%","13%","13%","11%","13%","17%","11%","14%","10%","13%","12%","14%","15%",""
"Q17 - To what extent do you agree with the following statements.","My job makes good use of my skills and abilities.","76%","80%","74%","86%","74%","76%","48%","79%","82%","88%","75%","74%","79%","79%","73%","71%","74%","75%","80%","73%","71%","77%","75%","75%","75%","73%","75%","78%","75%","77%","72%","67%","72%","75%","76%","86%","78%","72%","80%","74%","77%","73%","78%","75%","73%","76%","67%","74%","69%","73%","75%","70%","77%","78%","70%","73%","67%","72%","84%","86%","82%","77%","76%","69%","70%","73%","81%","70%","74%","73%","68%","74%","76%","82%","83%",""
"Q17 - To what extent do you agree with the following statements.","My job provides opportunities to do challenging and interesting work.","73%","77%","71%","86%","70%","72%","42%","72%","80%","74%","73%","73%","76%","75%","69%","65%","71%","74%","77%","68%","66%","73%","73%","71%","69%","68%","76%","76%","71%","74%","67%","63%","69%","71%","74%","85%","73%","70%","76%","72%","77%","69%","73%","70%","77%","73%","73%","65%","72%","72%","73%","63%","72%","75%","66%","66%","64%","66%","83%","84%","80%","74%","74%","63%","67%","70%","77%","66%","70%","68%","64%","69%","73%","80%","82%",""
"Q17 - To what extent do you agree with the following statements.","I have good opportunities for learning and development at the company.","70%","76%","68%","85%","61%","65%","39%","77%","78%","82%","70%","72%","76%","73%","64%","57%","63%","75%","74%","62%","58%","69%","70%","59%","64%","70%","71%","73%","68%","71%","63%","59%","62%","69%","71%","84%","73%","66%","71%","70%","75%","66%","68%","65%","72%","59%","64%","63%","62%","66%","72%","62%","71%","73%","62%","63%","58%","61%","81%","84%","79%","71%","72%","57%","64%","65%","75%","59%","69%","65%","59%","62%","71%","77%","80%",""
"Q17 - To what extent do you agree with the following statements.","The organization motivates me to do my best work.","69%","76%","66%","85%","68%","64%","33%","76%","76%","78%","69%","71%","74%","72%","64%","59%","68%","73%","73%","64%","60%","70%","69%","67%","66%","70%","72%","72%","67%","70%","67%","59%","66%","70%","74%","84%","76%","64%","71%","71%","72%","60%","66%","64%","71%","67%","71%","68%","66%","66%","73%","63%","71%","73%","60%","64%","64%","62%","83%","84%","77%","69%","71%","59%","64%","65%","74%","61%","70%","68%","59%","62%","69%","77%","77%",""
"Q17 - To what extent do you agree with the following statements.","The organization is strategically adapting to changes in the business environment.","68%","74%","66%","84%","59%","67%","38%","76%","76%","79%","68%","73%","74%","71%","63%","57%","63%","73%","73%","62%","58%","67%","70%","62%","63%","67%","69%","72%","67%","70%","63%","58%","61%","68%","71%","83%","73%","72%","64%","69%","75%","59%","61%","68%","69%","59%","59%","63%","64%","66%","67%","66%","68%","75%","65%","67%","59%","62%","80%","83%","78%","69%","69%","58%","63%","63%","73%","58%","64%","65%","58%","63%","69%","76%","77%",""
"Q17 - To what extent do you agree with the following statements.","I feel motivated to do more than is required of me.","68%","75%","65%","83%","66%","64%","39%","76%","73%","79%","65%","69%","71%","70%","65%","60%","67%","71%","71%","64%","62%","67%","69%","63%","66%","68%","69%","71%","66%","69%","63%","60%","65%","67%","74%","81%","73%","66%","73%","70%","70%","61%","66%","66%","73%","61%","62%","68%","59%","62%","69%","62%","71%","68%","60%","65%","60%","62%","81%","83%","77%","68%","69%","57%","62%","64%","73%","62%","71%","64%","59%","62%","68%","76%","78%",""
"Q17 - To what extent do you agree with the following statements.","I have trust and confidence in the company's senior leadership team.","67%","73%","63%","84%","60%","64%","37%","77%","77%","80%","65%","69%","73%","70%","62%","57%","64%","72%","72%","61%","58%","67%","68%","66%","69%","70%","71%","70%","64%","68%","64%","59%","61%","67%","71%","82%","74%","69%","69%","64%","72%","58%","61%","65%","72%","62%","56%","61%","65%","63%","68%","62%","70%","71%","57%","63%","63%","62%","82%","84%","77%","68%","69%","55%","62%","62%","73%","58%","67%","65%","58%","61%","67%","75%","75%",""
"Q17 - To what extent do you agree with the following statements.","The organization shows care and concern for its employees.","67%","73%","67%","83%","55%","64%","41%","76%","73%","76%","67%","70%","72%","70%","63%","56%","63%","72%","71%","61%","57%","66%","68%","62%","67%","69%","70%","71%","65%","68%","65%","63%","60%","68%","70%","82%","75%","68%","67%","70%","71%","60%","61%","67%","71%","62%","55%","60%","64%","63%","73%","64%","67%","69%","58%","61%","57%","63%","80%","82%","76%","68%","69%","56%","63%","62%","72%","58%","67%","65%","57%","61%","68%","75%","76%",""
